,shadow_prices
octapb_c,0.06956521739130428
cysi__L_e,-1.286956521739129
dhap_c,-4.1043478260869515
prbatp_c,-0.0
10fthf_c,-2.2695652173913032
btal_c,-2.8434782608695617
6pgg_c,-1.043478260869565
co2_e,4.1434782608695615
akg_e,-1.1347826086956514
gsn_e,-1.6260869565217386
pydx5p_c,-0.008695652173913299
3dhgulnp_c,-5.843478260869559
g3ps_c,-4.826086956521732
adphep_LD_c,-2.6304347826086945
lyx__L_c,-0.0
din_p,-0.016600790513833633
2pg_c,-2.0347826086956515
ptrc_p,-0.6260869565217388
malt_p,-1.2434782608695643
pppn_p,-0.0
arbtn_p,1.5652173913043463
hphhlipa_c,0.060869565217391175
phphhlipa_c,-1.2608695652173876
13dpg_c,1.8434782608695648
murein3px4p_p,-1.7043478260869542
34dhpac_e,-0.0
1odec11eg3p_c,-1.826086956521738
12dgr181_p,-1.2521739130434784
anhgm_e,-1.5130434782608682
prbamp_c,-2.5391304347826065
dsbdrd_c,-1.0086956521739125
cu2_p,-3.460869565217389
sla_c,-1.7217391304347804
14glucan_p,0.02608695652173973
grdp_c,0.0
ribflv_p,-0.0
dms_e,-1.5913043478260864
pgp141_c,4.1086956521739095
cysi__L_c,-0.2608695652173917
fpram_c,-1.0782608695652167
f1p_c,-6.817391304347817
dsbard_p,-2.3826086956521726
thr__L_c,0.026086956521739896
dcyt_p,-0.8782608695652145
2ddglcn_c,-1.7043478260869536
fum_p,-1.217391304347825
galctn__L_e,-5.013043478260862
btn_e,-0.0
pydxn_p,-0.41739130434782373
ocdcea_e,-0.5312252964426872
preq0_c,-0.0
tyr__L_p,-0.0
dtdp4d6dg_c,-0.017391304347826597
acmum_e,-0.7043478260869559
man_p,-0.0
adocbl_e,-2.573913043478257
iscu_2fe2s_c,-0.022924901185770348
frulysp_c,-2.5043478260869545
dump_p,-0.0028985507246377107
novbcn_e,-2.4130434782608665
feenter_e,1.2478260869565196
eca4und_p,-8.904347826086946
gg4abut_c,-0.982608695652174
flxr_c,-0.8956521739130432
pa160_c,-3.7826086956521676
lcts_c,-0.8695652173913034
arbtn_e,-10.617391304347816
cdpdhdec9eg_c,-1.2695652173913037
aso3_c,-6.33043478260869
progly_c,-1.0695652173913035
3ohdcoa_c,-0.5391304347826082
clpn161_p,-1.68695652173913
1ddecg3p_p,-4.2999999999999945
gln__L_e,-2.799999999999998
cpgn_un_e,-0.06086956521739095
ca2_p,-0.5739130434782601
tre_e,-2.156521739130434
iscssh_c,-3.5695652173912995
glyald_c,-1.1130434782608694
alaala_e,-1.5652173913043457
novbcn_p,-6.817391304347817
3ohexACP_c,-0.08695652173912971
g3pg_c,-4.191304347826084
rpntp_c,-4.8173913043478205
adocbl_c,-2.478260869565214
3ocddec5eACP_c,-0.0
gmplys_c,-1.4782608695652166
r5p_c,-0.0
clpn120_p,0.0
idon__L_e,-1.0347826086956515
akg_c,0.0
tcynt_c,-1.1130434782608687
apg141_c,-1.0434782608695636
ac_c,0.0
dca_c,-4.856521739130428
pheme_e,-0.6695652173913039
citr__L_c,0.0
3hodcoa_c,0.0
all__D_e,-0.5391304347826082
ca2_e,-1.1130434782608694
fe2_p,-0.0
dkdglcn_c,-1.3478260869565206
chtbs_p,-1.1043478260869555
34hpp_c,-4.1086956521739095
fusa_p,-0.034782608695653194
metglcur_c,-2.0260869565217376
g1p_e,-1.452173913043474
duri_c,-1.686956521739129
udcpdp_p,-1.1217391304347812
ag_e,-1.426086956521739
pep_c,-2.2173913043478244
ala_B_c,-1.1826086956521726
h_c,-31.782608695652133
pa141_c,-1.6869565217391298
no2_e,-1.6869565217391282
cdpdddecg_c,-5.530434782608688
rib__D_c,-3.7913043478260833
tag6p__D_c,-0.6608695652173908
2dr1p_c,-1.095652173913042
gthrd_c,-4.304347826086949
pe140_p,-0.06086956521739248
2agpg120_c,0.060869565217391175
dhpppn_c,-0.0
2tdecg3p_p,-0.16521739130434765
ala__L_e,-0.0
g6p_e,-0.7043478260869556
actACP_c,-1.2869565217391297
2odecg3p_c,-0.6869565217391301
hdcea_c,-7.8608695652173814
hdcoa_c,-0.0
actp_c,-8.569565217391293
2pglyc_c,-0.03913043478260869
o16a4colipa_e,0.0304347826086957
acgam6p_c,-9.634782608695641
g3pc_c,-0.0
thmpp_c,-6.295652173913038
dmbzid_c,-1.4478260869565194
val__L_p,-0.0
xtp_c,-0.1739130434782602
udcpgl_c,-1.5739130434782596
mepn_c,-1.1739130434782596
ppt_p,-1.321739130434781
mepn_p,-1.017391304347825
cd2_c,-6.20869565217391
pyr_p,-3.7782608695652127
tcynt_p,-1.3478260869565206
ni2_c,-1.5739130434782596
acanth_c,2.0816681711721685e-15
cyst__L_c,-5.9086956521739085
so2_p,-1.1130434782608687
peamn_p,-0.0
mso3_e,-0.46086956521739075
mn2_c,1.3086956521739106
dutp_c,-0.0
murein5p5p_p,-0.0
dmlz_c,-0.7043478260869567
pan4p_c,-1.2347826086956517
pa181_c,-0.0
thrp_e,-1.4695652173913039
2agpg181_p,0.06086956521739095
adprib_c,-1.9913043478260857
octa_c,-0.0
quln_c,-0.04347826086956527
tdecoa_c,-0.008695652173913299
1odecg3p_p,0.008695652173913299
dxyl_c,-0.0
dhptd_c,-0.008695652173913104
thym_p,-0.41739130434782373
LalaLglu_e,-1.0086956521739123
mocogdp_c,-18.626086956521732
lipa_c,-5.328260869565213
mththf_c,-1.68695652173913
sheme_c,-6.1652173913043455
sufbcd_2fe2s_c,-1.0173913043478253
all__D_p,1.0434782608695632
metsox_R__L_e,-1.3217391304347816
bwco_c,-1.9999999999999987
pheme_p,2.513043478260868
h2o_p,-0.7043478260869567
f_p,-7.5217391304347725
hdca_p,-0.5826086956521733
fru_c,-0.36521739130434655
gal1p_p,-0.0
g3pe_e,-0.034782608695653194
dimp_p,-27.156521739130397
glyc3p_c,-1.2869565217391297
ctbt_p,-1.2434782608695645
anhm3p_c,-1.5739130434782596
2ahbut_c,-10.565217391304339
clpn140_p,-2.2869565217391306
murein5p4p_p,-1.5043478260869543
ser__L_c,-0.6695652173913047
toct2eACP_c,-2.599999999999996
clpn141_p,-1.243478260869565
12dgr180_p,-2.5043478260869545
2agpe140_p,-1.9869565217391285
ump_c,-12.145652173913026
5drib_c,3.7565217391304326
2agpe120_c,-4.647826086956518
4c2me_c,-1.1130434782608678
1agpg181_p,-1.2869565217391297
oxalcoa_c,-1.7478260869565192
uracp_c,0.0
preq1_c,-1.1043478260869555
bmoco_c,-0.521739130434782
hdceap_c,-7.5217391304347725
ade_e,-1.4695652173913039
mepn_e,-1.7565217391304337
bmoco1gdp_c,-2.939130434782607
rmn_e,-1.5043478260869554
f_e,-1.2869565217391297
3pg_c,-5.551115123125783e-17
iprimv_c,0.5652173913043463
2dhguln_c,-1.4695652173913039
psuri_c,-0.6434782608695644
ctp_c,-0.0
dadp_c,-1.1652173913043469
2ddglcn_e,2.582608695652172
xan_c,-0.0
xu5p__D_c,-0.2695652173913048
aspsa_c,-0.008695652173913299
glyb_e,-5.3739130434782565
xtsn_c,-0.6260869565217388
2p4c2me_c,-0.0
glcr_e,0.008695652173913299
lgt__S_c,-15.430434782608682
alltn_e,-1.426086956521739
cyan_c,-1.4521739130434774
f6p_e,-2.495652173913041
gam1p_c,-20.599999999999977
cu2_e,-4.821739130434778
zn2_e,-1.365217391304344
ura_e,-1.7217391304347818
fadh2_c,-0.0
dhpmp_c,-0.0
15dap_p,-1.5652173913043457
pppi_c,-0.034782608695652
lys__L_e,-0.0
cynt_c,-0.5130434782608692
xu5p__L_c,0.5362318840579705
ascb6p_c,-0.44347826086956443
acmum6p_c,-1.1739130434782596
ocdca_e,-2.3130434782608673
glyclt_c,-1.1130434782608678
ppap_c,1.5652173913043461
hkntd_c,-1.3999999999999992
gp4g_c,-6.499999999999994
all__D_c,-1.5999999999999983
acnam_p,2.513043478260868
sucr_p,-1.8521739130434731
g6p_p,-0.052173913043478334
glyb_c,1.382608695652174
gmp_e,-0.008695652173913215
phaccoa_c,-0.0
but_e,-2.7565217391304335
pnto__R_p,-1.0782608695652167
isetac_p,-10.826086956521728
amp_p,-0.034782608695652
kdo2lipid4p_c,-9.608695652173902
dhmptp_c,0.12173913043478224
cobalt2_e,-1.0086956521739119
cbl1_c,0.0
gal_bD_p,-2.0869565217391273
alaala_p,-10.652173913043466
fald_p,-0.44347826086956577
uri_p,-0.0
thex2eACP_c,-1.0173913043478255
ocdcea_p,-2.5043478260869545
LalaDgluMdapDala_e,-28.199999999999967
t3c9palmeACP_c,-0.0
hlipa_c,-0.0
dimp_c,-5.395652173913036
odecoa_c,-1.0608695652173903
cpe160_c,-0.008695652173911661
cgly_c,-1.6608695652173895
phhlipa_c,0.04426877470355687
alpp_p,-0.0
lpp_p,-1.2869565217391299
5mtr_p,0.0
1agpe181_p,-1.0434782608695647
sf_c,-1.1043478260869555
fuc__L_c,-1.0956521739130434
ghb_c,0.13913043478260853
4abutn_c,0.0
accoa_c,-0.2695652173913049
arg__L_c,-2.173913043478259
LalaLglu_p,-18.86956521739128
26dap_LL_c,1.1102230246251565e-16
tma_e,0.0
mdhdhf_c,0.05217391304347828
occoa_c,-0.6782608695652166
moadamp_c,-3.5565217391304316
lyx__L_e,-1.2869565217391297
mththf_p,4.226086956521736
gtp_e,-0.008695652173913299
3hbz_c,-0.0
man6p_p,-0.0
cellb_e,2.9782608695652133
prpmn_c,-1.2521739130434772
uamr_c,-2.3826086956521726
fecrm_un_c,-0.6173913043478259
asp__L_c,-2.0695652173913004
lipa_cold_p,-0.5739130434782606
sbt__D_e,-4.291304347826083
acg5sa_c,-33.504347826086914
arg__L_e,-1.0347826086956515
murein3p3p_p,-1.5478260869565188
hexACP_c,-1.9826086956521722
dgsn_e,0.3826086956521735
spmd_e,-10.043478260869556
pg161_c,-8.591304347826076
skm_c,-0.9217391304347814
pe120_p,-9.695652173913032
sucgsa_c,-0.6695652173913047
imp_c,-16.43478260869563
tartr__L_c,-11.147826086956512
ppal_p,-0.0
colipap_p,-0.5304347826086948
o2_c,0.5739130434782604
dhps_p,-1.2608695652173876
ocdcea_c,0.0
h_p,-0.48695652173912807
3hbcoa_c,-0.0007905138339918266
succ_p,-0.034782608695652
gal_p,-0.9217391304347814
2hptcl_c,-1.0086956521739128
phpyr_c,-1.4086956521739125
s17bp_c,-1.486956521739128
4ampm_c,-1.5652173913043463
maltttr_p,-0.030434782608695546
pydxn_c,-1.2434782608695638
met__D_c,-2.0260869565217376
fru_e,-2.1217391304347815
sucorn_c,-1.9826086956521725
pyr_e,0.0
dtmp_p,-1.1391304347826083
dhcinnm_c,-0.9913043478260857
aso4_c,-0.6869565217391304
acgal_p,-0.0
dtdp4addg_c,-4.856521739130428
unagamuf_c,-0.5130434782608692
idon__L_c,-2.0869565217391273
malttr_e,-2.5565217391304316
cys__D_e,-0.019762845849801987
pac_c,-0.0
pgp160_p,-0.6260869565217391
cbm_c,-1.5217391304347814
5mthf_c,0.0173913043478251
3hpppn_e,-0.0
ppt_e,2.513043478260868
pmeACP_c,-0.0
ctbt_c,-1.9913043478260861
nad_c,-21.0086956521739
na1_p,-0.4608695652173922
glyald_p,-1.452173913043474
r1p_c,-31.817391304347787
tdeACP_c,-41.40869565217387
5mta_c,-0.0
23dhba_c,-0.008695652173913299
val__L_e,-0.5304347826086949
ddcacoa_c,-0.6173913043478259
gdpofuc_c,-1.1565217391304339
rbl__D_c,0.0
chol_c,-0.5999999999999988
his__L_p,-0.33043478260869574
malt_c,-0.04347826086956505
hom__L_e,0.0173913043478261
no2_p,0.06956521739130431
dcmp_e,-1.0521739130434795
dgmp_e,-0.0
rhcys_c,0.01304347826086967
cd2_e,-0.8695652173913038
met__D_e,-1.0782608695652167
gbbtn_c,-0.5660079051383374
fald_c,-1.156521739130433
Nmtrp_c,-1.4432899320127035e-15
23ccmp_e,0.46086956521739086
dmso_e,-1.0347826086956515
udpg_e,-1.0347826086956504
icolipa_c,-9.478260869565208
acgal_e,-2.5391304347826065
r15bp_c,-1.0086956521739119
g3pe_p,-1.07391304347826
crn__D_p,-1.2869565217391299
3ocvac11eACP_c,-0.0
cd2_p,-1.3130434782608686
3hoctaACP_c,-0.0
2agpe181_p,-3.7565217391304313
arab__D_c,-5.043478260869561
2doxg6p_c,1.5043478260869536
ocdca_c,0.0173913043478251
murein4px4p4p_p,-0.3565217391304347
2agpg180_c,-1.1739130434782596
2tdec7eg3p_p,-0.03478260869565186
sulfac_c,0.0
mg2_c,-0.8782608695652145
dt5hsu_c,-7.617391304347819
acmalt_c,0.07826086956521758
malcoame_c,0.0
slnt_p,-0.582608695652173
gmeACP_c,-1.5478260869565195
1hdecg3p_c,-3.563043478260865
hgmeACP_c,-1.1999999999999984
pg141_p,-0.5565217391304338
mpt_c,-8.373913043478252
ttrcyc_p,0.0
4crsol_c,-1.51304347826087
apg181_c,-2.0608695652173896
pydx_p,-4.852173913043473
2sephchc_c,-1.6521739130434767
cellb_p,-0.0
adp_c,-0.1217391304347826
dhps_c,1.0130434782608662
mal__L_c,-0.0
urea_c,-1.1043478260869555
gam_c,-37.37391304347822
mercpeth_c,-1.0347826086956515
psuri_p,-0.26086956521739146
5apru_c,-9.94782608695651
g3p_c,-1.0086956521739123
puacgam_p,-0.9913043478260863
etoh_c,-4.826086956521732
pnto__R_c,-1.2086956521739118
nadphx__S_c,-0.5391304347826082
gdptp_c,0.0
3hddcoa_c,-1.043478260869565
so3_c,0.8695652173913053
met__L_c,0.0
aicar_c,0.0
altrn_c,-8.965217391304337
thymd_e,-1.9913043478260861
ncam_c,0.9521739130434752
5aizc_c,-1.6695652173913031
fruur_c,-2.0869565217391273
sucbz_c,0.5521739130434791
ac_e,-0.0
glx_c,-0.2521739130434785
k_e,1.4565217391304321
lipidX_c,-1.1043478260869561
apg140_c,1.882608695652171
dhna_c,-2.5043478260869545
etoh_e,-1.486956521739129
galctn__L_c,-1.1826086956521729
mi1p__D_c,-0.5304347826086948
pro__L_e,-0.0
taur_e,-0.48695652173912807
lipa_cold_e,-0.9826086956521738
bwcogdp_c,-1.1130434782608694
ppp9_c,-1.1043478260869546
thptdn_c,-1.4608695652173913
glcn_p,-4.186956521739125
gua_p,-1.5652173913043457
air_c,-0.5739130434782601
6pgc_c,-1.5739130434782596
6hmhptpp_c,-1.6173913043478254
udpgal_c,0.999999999999999
nh4_c,-0.6695652173913041
fe3hox_un_p,-0.0
xmp_e,2.54782608695652
pydam_c,-0.04347826086956513
so3_p,-0.0
rml1p_c,-1.478260869565217
gam6p_e,-1.0173913043478253
cytd_c,-0.5304347826086949
glcur1p_e,-1.286956521739129
nac_e,-0.0
tdec2eACP_c,-1.4173913043478261
thym_c,-2.914335439641036e-15
galctn__D_c,-5.369565217391298
sbzcoa_c,-2.5565217391304316
gal_e,-1.5565217391304333
3hpp_p,-0.3913043478260867
pimACP_c,-0.6347826086956518
micit_c,-0.5652173913043481
dhcholn_c,-1.6956521739130406
acnam_c,0.5826086956521725
hdeACP_c,-1.4695652173913045
dha_e,-0.4869565217391304
pi_c,-1.4782608695652164
acmana_p,-0.8086956521739125
argsuc_c,-2.1826086956521715
aacald_c,-0.0
gbbtn_p,-0.16521739130434765
nh4_p,-9.48695652173912
4abut_p,-1.1130434782608694
chor_c,-0.008695652173913188
hom__L_c,-1.0434782608695647
cbi_p,-0.0
thymd_c,-0.06086956521739162
mnl_p,-0.0
gal_bD_e,-1.7478260869565205
12ppd__R_c,-0.022924901185770348
dgdp_c,-1.1043478260869555
glu1sa_c,-0.026086956521739896
dad_5_c,-8.904347826086948
imp_p,-5.591304347826085
LalaDgluMdap_p,-1.1217391304347821
cit_e,-1.1130434782608678
glcur1p_p,-1.4695652173913039
leu__L_e,-1.0434782608695647
hhlipa_c,-1.1739130434782594
skm_p,-1.8521739130434731
crnDcoa_c,-0.008695652173913188
zn2_c,-0.0
q8h2_c,0.8608695652173921
ala__D_e,0.0
murein5px3p_p,-0.0
fe2_e,-2.208695652173911
skm_e,-13.034782608695648
2agpe161_p,-1.0695652173913035
3odecACP_c,-0.9478260869565217
galt_e,-1.0782608695652167
5dglcn_e,-0.5826086956521732
unagamu_c,-0.0
5prdmbz_c,0.017391304347826597
1tdecg3p_c,-0.7391304347826084
pa140_c,-0.5652173913043482
cdpdtdec7eg_c,-2.5391304347826065
cynt_e,-0.0
dgslnt_c,5.501932687896969e-17
cit_p,-1.043478260869565
xan_p,0.5217391304347816
2agpe140_c,-1.1826086956521729
teo2_c,-0.0
sufsesh_c,0.06086956521739101
tyr__L_c,-0.0
fruur_p,-1.5304347826086946
ggptrc_c,-0.0
cys__L_c,-1.0695652173913035
4abzglu_e,-39.878260869565175
2aobut_c,-0.008695652173913299
sulfac_e,-1.68695652173913
lkdr_c,1.9999999999999987
ps160_c,-1.3877787807814457e-17
4r5au_c,0.3043478260869559
3hbzcoa_c,-0.6608695652173908
gam_e,-1.2086956521739114
pg120_c,0.0
2agpe141_p,-0.12173913043478266
met__L_e,0.0
xylu__D_c,-1.5521739130434777
4hbz_c,-2.1652173913043455
amet_c,-1.0695652173913035
dscl_c,-0.0
hxa_c,0.0
h2s_c,0.017391304347826597
phthr_c,0.0
acmana_e,-1.5043478260869567
3oocoa_c,-0.4782608695652174
n8aspmd_c,-15.208695652173894
acgam1p_c,-1.0347826086956513
ascb__L_e,-1.1739130434782594
malt_e,-0.008695652173913299
thymd_p,-1.2086956521739107
mn2_e,-0.5391304347826082
ditp_c,-1.5130434782608686
u23ga_c,-0.7478260869565185
23dappa_e,-1.4782608695652166
um4p_c,-1.1043478260869546
3hppnl_c,-20.478260869565208
cs1_e,2.5173913043478224
glyc2p_c,-5.395652173913036
wco_c,-1.4521739130434794
uLa4fn_c,-11.052173913043466
lipa_p,-1.0434782608695647
glc__D_c,0.0
zn2_p,-1.243478260869565
dhmpt_c,-0.07826086956521758
e4p_c,-2.495652173913041
mincyc_p,-7.339130434782599
hg2_c,-1.2173913043478246
man1p_c,-8.565217391304335
2tpr3dpcoa_c,-1.6304347826086953
bglycogen_c,-2.5043478260869545
sq_c,-1.2869565217391297
sfp_c,-1.260869565217391
trp__L_c,-1.08695652173913
sq_e,-10.752173913043467
dsbdox_c,-4.304347826086949
acser_c,0.02608695652173973
progly_e,-0.6869565217391296
5phdt_c,-0.0
lys__L_c,2.220446049250313e-16
adpglc_c,6.800116025829084e-16
ogmeACP_c,-0.7043478260869562
hpmeACP_c,-0.5304347826086951
dudp_c,-8.591304347826076
2shchc_c,-1.2869565217391268
4ppan_c,-1.0260869565217385
sufse_c,-5.365217391304345
dxyl5p_c,-1.113043478260868
cs1_p,-0.0
23dhb_c,-0.5391304347826082
man_e,-1.5913043478260864
2mecdp_c,-1.1130434782608696
atp_c,-1.2521739130434772
acmana_c,-0.02608695652173961
rbl__L_c,-9.686956521739118
dcyt_e,-3.0347826086956493
fcl__L_c,-0.0
orot_e,-1.5826086956521728
agdpcbi_c,-1.5391304347826056
indole_c,-0.008695652173913243
eig3p_c,-0.9739130434782605
h2_e,-4.817391304347819
26dap__M_c,0.5217391304347816
u3aga_c,-1.1043478260869561
nmn_e,0.03478260869565179
thm_c,-0.0
thf_c,-2.7217391304347807
man6p_e,-0.07826086956521758
orot5p_c,-0.008695652173913299
feoxam_c,0.0173913043478251
h_e,-0.0
csn_p,-5.501932687896969e-17
aact_c,-2.1826086956521715
gln__L_p,-4.304347826086949
glyc_p,-13.808695652173899
cytd_p,-0.0
thr__L_p,-1.252173913043478
asn__L_e,-9.94782608695651
fuc__L_p,-0.0
5caiz_c,-0.8782608695652165
dhnpt_c,-0.582608695652173
pyam5p_c,-0.0
ttdca_p,-1.4173913043478257
acgam_c,-0.6173913043478259
metsox_S__L_p,0.01739130434782682
mal__L_p,-0.0
pacald_p,1.54782608695652
eca4colipa_p,-1.1739130434782596
lcts_e,-0.0
btcoa_c,0.4753623188405798
tmao_p,-1.5043478260869567
u3hga_c,2.5565217391304333
tdcoa_c,-20.626086956521718
udpglcur_e,-1.1304347826086956
hxa_p,-4.626086956521734
murein3px3p_p,-5.252173913043475
3hcpalm9eACP_c,-0.982608695652174
dca_e,0.0
mobd_p,-0.6434782608695644
malt6p_c,2.4739130434782575
met__L_p,-1.0260869565217385
g1p_p,-1.0086956521739123
ser__L_p,-2.2869565217391306
3ocpalm9eACP_c,-0.6695652173913047
2ddecg3p_c,-0.3913043478260867
anhgm3p_c,-8.965217391304336
1agpe161_p,-2.5956521739130425
octa_p,-1.0782608695652167
ggagicolipa_c,-1.0869565217391302
chtbs_e,-2.5608695652173905
dopa_e,-1.1043478260869555
ppa_p,0.008695652173913299
msa_c,-5.599999999999999
pser__L_p,-3.0869565217391233
slnt_c,-1.2695652173913035
isetac_e,-8.591304347826075
fe3dhbzs_p,0.0
cpgn_c,0.0
butACP_c,-0.0
metglcur_e,-0.0
cu_e,-1.3877787807814457e-17
dgsn_c,-0.521739130434782
1hdec9eg3p_c,-5.008695652173909
cdpdtdecg_c,-1.3877787807814457e-17
pe181_c,-0.6608695652173908
dttp_c,-1.0608695652173903
pe120_c,0.40000000000000024
but_c,0.008695652173911855
pe160_p,-0.5913043478260875
pg160_p,-1.791304347826086
2agpg160_c,-2.4347826086956506
glutrna_c,-0.46086956521739064
pa120_p,-2.565217391304344
adn_e,4.304347826086953
3otdcoa_c,-6.10434782608695
ddcap_c,-1.286956521739129
3hhdcoa_c,-0.8956521739130432
octdp_c,1.321739130434783
hdcap_c,-0.5913043478260871
cinnm_c,2.54782608695652
hx2coa_c,-0.48695652173912807
egmeACP_c,-0.034782608695652
uacmam_c,-1.2086956521739107
arbt6p_c,0.0
cph4_c,-2.156521739130431
ttdca_c,-6.817391304347817
glycogen_c,-1.2521739130434777
iscu_2fe2s2_c,-10.043478260869554
ahcys_c,-9.608695652173902
pydx_c,-2.478260869565214
tma_p,-2.886956521739129
fe3dcit_e,-0.0
thmnp_c,-0.008695652173913299
fe3hox_un_c,-3.060869565217387
lac__D_e,-1.5043478260869552
trdox_c,-1.1130434782608678
2mcacn_c,-0.5826086956521733
damp_e,-4.856521739130428
5mtr_c,-5.339130434782602
o16a4und_p,2.969565217391301
aconm_c,-1.0173913043478253
adn_p,-0.6695652173913039
3ig3p_c,-0.0
asn__L_p,-1.1043478260869555
n2o_c,-0.05217391304347879
sl26da_c,-0.8695652173913033
hg2_e,-2.513043478260868
dgsn_p,-4.599999999999996
3hoctACP_c,-0.0
dctp_c,-8.391304347826077
toctd2eACP_c,-2.652173913043475
manglyc_p,-1.2956521739130427
dms_p,0.008695652173913299
din_c,-0.5391304347826082
h2s_p,-15.756521739130424
dsbcox_p,4.147826086956519
ichor_c,-1.1102230246251565e-16
clpn160_p,-0.12173913043478171
clpn181_p,-4.826086956521732
feoxam_e,-2.8956521739130414
lipoate_e,-1.0434782608695636
pacald_c,-19.24347826086956
arbt_p,-1.0434782608695647
cpppg3_c,-0.0
ttdceap_c,0.0
cpmp_c,-0.0
isetac_c,-1.0608695652173903
anhgm4p_c,-4.299999999999995
3ohcoa_c,-0.6608695652173908
gggagicolipa_c,4.878260869565214
doxrbcn_e,-0.1304347826086959
dxylnt_p,-0.0
ser__D_e,-8.904347826086946
2hptcoa_c,-0.0
grxrd_c,-0.6000000000000003
so2_e,-0.5652173913043482
ohpb_c,-1.2173913043478246
cys__D_c,0.0
pa161_c,-3.904347826086954
ru5p__D_c,-0.0
23dhmb_c,-0.0
amp_e,-1.5043478260869558
galur_c,-0.0
arab__L_e,0.06956521739130439
pgp140_c,-0.0
o2s_c,-1.5652173913043463
pgp161_c,-0.2869565217391301
ps180_c,-13.034782608695648
lald__L_c,-30.217391304347785
ugmd_c,-12.41739130434782
6hmhpt_c,-2.226086956521738
ppcoa_c,-0.0
pe141_c,-1.3130434782608686
cpg160_c,-1.5130434782608686
fecrm_c,-1.1826086956521726
adocbi_c,-1.199999999999999
ile__L_p,0.0869565217391309
acac_c,-3.3913043478260834
crn__D_e,0.0173913043478251
acmanap_c,-5.501932687896969e-17
nmn_p,-0.0
pppn_e,-1.0086956521739123
13ppd_c,-1.5391304347826056
hxan_p,-1.243478260869565
pran_c,-5.002173913043471
3hcinnm_e,-1.2347826086956513
gsn_c,-0.5652173913043482
metsox_R__L_p,-4.30434782608695
ins_c,0.017391304347826597
tmao_c,4.104347826086951
tsul_c,-5.860869565217383
23cgmp_p,-1.1043478260869555
man6pglyc_c,-0.0
ura_c,-0.5826086956521733
LalaDgluMdap_e,-9.634782608695641
chol_e,-0.7217391304347818
gly_e,-0.9942028985507219
oxam_c,-0.017391304347826403
dha_p,-1.0782608695652167
cgly_p,-0.9956521739130428
LalaDgluMdapDala_c,-1.173913043478261
8aonn_c,-0.0
2hdecg3p_c,-0.0
pdx5p_c,-1.5478260869565201
colipa_p,-0.0
23doguln_c,1.0434782608695652
1agpg160_p,-0.46086956521739086
tmao_e,-0.0
colipa_e,-0.5217391304347823
glyc2p_p,-1.0086956521739123
4abzglu_p,-0.0
pe141_p,-1.1217391304347812
acac_p,-0.02608695652173961
34dhpha_c,-1.3130434782608689
but_p,-18.643478260869543
34dhpac_p,-0.008695652173913299
lipa_e,-1.3478260869565213
pe181_p,-1.7043478260869542
12dgr140_p,-0.9999999999999991
2hdecg3p_p,-4.8173913043478205
glcn_c,-0.026086956521739896
oxadpcoa_c,-0.008695652173913299
enlipa_e,-0.03478260869565186
n2o_e,0.03478260869565268
mptamp_c,-1.2521739130434777
paps_c,-1.3130434782608686
cobalt2_c,-1.6173913043478254
utp_c,-3.0478260869565177
cobalt2_p,-4.860869565217387
dhor__S_c,-0.2608695652173907
mmet_p,-1.0
aso3_e,-1.2434782608695643
glyc_e,-0.982608695652174
adn_c,-0.0
4mop_c,-1.1739130434782596
gal1p_c,-0.008695652173913299
dsbgox_p,-1.1130434782608678
2me4p_c,-0.8173913043478258
pg140_p,-1.113043478260868
dann_c,2.0217391304347796
tre_c,-0.008695652173913299
gdpmann_c,1.5043478260869536
2h3oppan_c,-0.0
hpyr_c,-1.191304347826086
2agpg181_c,0.008695652173913299
apg120_c,-1.6347826086956487
apg160_c,-0.0
dad_2_e,-1.2173913043478248
mchtbs6p_c,-0.8869565217391299
fdp_c,-1.0869565217391297
mthgxl_c,0.0
tartr__L_e,-0.13913043478260895
cbi_c,2.086956521739129
octa_e,-0.0
thym_e,-1.68695652173913
gdp_e,-1.4695652173913039
rmn_c,-1.3999999999999984
dtmp_c,-10.008695652173902
dmso_p,-8.382608695652163
fecrm_p,0.0
gdp_p,-9.67391304347825
gdp_c,-0.0
ins_p,-1.0739130434782604
man_c,0.0
uaagmda_c,-0.0869565217391305
4hoxpacd_e,0.06086956521739095
acser_p,-8.591304347826075
k_c,-1.6260869565217384
o2_p,2.504347826086955
ala_B_p,0.0
cbi_e,-0.0
tungs_p,-0.7478260869565185
crn_e,-1.0434782608695634
dtmp_e,-1.0869565217391297
fe2_c,-0.0
cdpdodecg_c,-0.0
ps140_c,0.713043478260869
12dgr160_c,-2.7217391304347807
2tdecg3p_c,0.0
thm_e,-0.2956521739130429
glyald_e,-7.330434782608687
12dgr181_c,-5.9086956521739085
indole_e,-0.3043478260869562
2tdec7eg3p_c,-1.60869565217391
dsbcrd_p,-1.2869565217391297
bmocogdp_c,-1.0782608695652167
mg2_e,-1.0434782608695647
pgp181_p,-1.1130434782608687
mththf_e,-11.799999999999995
dhptdp_c,1.139130434782608
orot_p,-0.8695652173913033
LalaDglu_p,-0.0
cdigmp_c,0.008695652173913299
uri_c,-1.2434782608695638
dad_2_c,-1.286956521739129
datp_c,-0.03478260869565186
cholate_c,-1.1739130434782603
3hhcoa_c,-10.617391304347814
34dphacoa_c,-7.8608695652173814
puacgam_c,0.06956521739130431
ppi_c,-1.5043478260869558
nadp_c,-0.13043478260869565
S2hglut_c,-0.46086956521739064
glyclt_p,-1.7826086956521714
metglcur_p,-0.0
xtsn_p,-0.5913043478260861
glu__L_c,0.0
g1p_c,-28.23478260869562
fum_c,-1.2521739130434772
akg_p,-1.4173913043478261
acorn_c,-1.252173913043478
frulys_c,-1.1043478260869568
spmd_c,-1.2521739130434784
glu5sa_c,-2.0869565217391295
ile__L_c,-0.00869565217391477
g3pg_e,2.443478260869564
2dhp_c,-1.0695652173913035
ocACP_c,-1.4347826086956514
ttdcea_p,-1.4086956521739125
3dhq_c,-1.1826086956521729
hisp_c,-0.0
aacoa_c,-1.1043478260869546
2agpe160_c,-0.0
so4_e,-4.084782608695648
hemeO_c,-0.060869565217392035
orn_e,0.0
kdo2lipid4_p,-2.0260869565217363
4abut_e,-0.0
athtp_c,-3.5565217391304307
galt1p_c,-1.2434782608695643
glu__L_e,-6.10434782608695
ppa_c,0.19999999999999973
3ohodcoa_c,-1.0695652173913035
2oph_c,-0.0
taur_c,-3.5521739130434726
ckdo_c,-2.513043478260868
uamag_c,-1.426086956521739
23dhbzs3_c,-0.9478260869565217
glcr_c,-0.3999999999999986
dhpt_c,-34.86956521739126
sqg_c,-1.2869565217391297
gmhep7p_c,0.7913043478260877
fad_p,-1.0347826086956515
manglyc_e,-0.0
ascb__L_p,-10.556521739130426
od2coa_c,-1.1217391304347817
idon__L_p,-0.0
urea_p,-1.0173913043478253
rhmn_c,-0.04347826086956505
cbp_c,-1.0782608695652167
agm_p,-1.9652173913043463
3mob_c,-1.1565217391304339
suchms_c,-0.0
gicolipa_c,0.004347826086956635
halipa_e,-1.2869565217391297
chol_p,-5.013043478260862
butso3_c,-3.5565217391304307
dcyt_c,-1.1826086956521729
3hpppn_p,-5.501932687896969e-17
dc2coa_c,-0.0
lipoate_p,-0.0
minohp_p,-10.77391304347825
2agpg120_p,-0.0
dcmp_p,-1.6260869565217373
2agpg180_p,-2.5043478260869545
acglc__D_c,2.121739130434782
eca3und_p,-0.6434782608695643
r5p_p,-1.034782608695651
1agpe120_p,-5.008695652173909
ragund_c,-6.0652173913043415
oxa_c,-1.4695652173913039
r5p_e,-1.252173913043477
no_p,-1.6608695652173886
acser_e,-2.043478260869564
dxylnt_e,-1.1826086956521729
murein4p4p_p,-0.8869565217391299
nalme_c,-0.008695652173913299
mn2_p,-5.560869565217385
tpalm2eACP_c,-0.0
3hpalmACP_c,-5.501932687896969e-17
12dgr140_c,-0.07826086956521758
udpg_c,-0.0
gln__L_c,-1.4956521739130426
pgp160_c,0.19999999999999973
3c3hmp_c,-0.7043478260869556
apg161_c,0.0
pe160_c,-0.0
tartr__D_e,-0.5913043478260871
anth_c,-1.0782608695652167
enlipa_p,-0.9739130434782605
pap_c,-0.0
pg181_p,-1.1652173913043464
xmp_c,0.0
r2hglut_c,0.008695652173913243
thcur_c,-0.5304347826086949
5phua_c,-1.9999999999999987
ile__L_e,-1.843478260869563
nadhx__R_c,-1.6260869565217386
2omhmbl_c,-1.5130434782608686
uppg3_c,-9.478260869565204
3hocoa_c,-1.617391304347825
2cpr5p_c,-9.94782608695651
uagmda_c,-0.6260869565217388
5dh4dglc_c,0.0
dcmp_c,-20.79999999999998
cechddd_c,-1.052173913043478
25dkglcn_c,-1.0086956521739128
his__L_e,-1.269565217391303
dgmp_c,0.5739130434782596
hxan_e,-0.9173913043478255
adphep_DD_c,-1.2173913043478255
4mhetz_c,-0.0
h2s_e,-0.0
na1_e,-0.3217391304347821
tyr__L_e,-1.5652173913043457
acac_e,-0.5391304347826082
2dmmq8_c,1.0913043478260838
4adcho_c,-1.1043478260869555
fmn_e,-10.573913043478251
cys__L_e,-0.0
glyc3p_e,-0.339130434782609
rib__D_p,-1.0782608695652167
26dap__M_e,-1.0695652173913035
xyl__D_p,-0.0
3hcinnm_c,-0.0
inost_p,0.0
pppn_c,-1.2521739130434777
ocdca_p,-0.6000000000000009
dtdp4aaddg_c,-5.013043478260862
malthx_c,-0.521739130434782
maltpt_c,1.0434782608695632
g3ps_e,-38.626086956521696
acon_T_c,-0.008695652173913299
3gmp_p,-1.121739130434781
maltttr_c,-0.052173913043478334
bbtcoa_c,-1.7217391304347818
duri_p,4.1086956521739095
anhgm4p_p,-1.5652173913043457
ddca_e,-4.80652173913043
udpLa4n_c,-0.0
tartr__L_p,0.01739130434782682
octeACP_c,-0.05217391304347747
26dap__M_p,-0.40869565217391324
hacolipa_e,-1.6304347826086953
gtspmd_c,-0.3913043478260867
o16aund_c,-0.0
o16aund_p,0.0
3hhexACP_c,-1.286956521739129
adocbl_p,-0.0
acolipa_p,0.0
butso3_p,-0.0
cys__L_p,-0.8695652173913033
cpgn_un_c,-0.052173913043478334
ps161_c,-1.1130434782608678
t3c5ddeceACP_c,-10.586956521739117
ps120_c,-0.5304347826086954
arbtn_fe3_p,-1.304347826086956
12dgr161_p,-28.269565217391275
progly_p,-1.7739130434782593
orn_p,-0.339130434782609
pa181_p,-2.5043478260869545
12dgr120_p,-3.913043478260869
asp__L_p,-4.647826086956518
pydam_p,0.0
2agpe160_p,-2.391304347826086
crn_p,0.06956521739130439
2agpg140_c,-9.94782608695651
1hdecg3p_p,-4.113043478260864
btn_p,-0.6434782608695644
pro__L_p,-1.1130434782608691
ttdcap_c,-0.0
mal__D_p,0.0
co2_p,-0.00869565217391327
5dglcn_p,-28.68695652173909
fe3_c,-12.417391304347822
arbt_e,-0.0
ch4_p,-0.0
fad_e,-10.069565217391293
fmn_p,0.0
dhptdd_c,-0.0
quin_c,-2.5043478260869554
sel_p,-1.4790513833992083
epmeACP_c,-0.07826086956521758
dtgcl_c,-0.6086956521739126
23dappa_c,-1.6608695652173886
cholate_p,-0.5217391304347818
mococdp_c,-2.2869565217391306
doxrbcn_p,1.3086956521739106
dopa_p,-0.991304347826087
ala__L_c,-0.00869565217391327
g3pc_p,-1.6521739130434767
hco3_c,-1.0086956521739123
alaala_c,-5.817391304347822
anhgm3p_p,-1.2521739130434784
spmd_p,-0.4260869565217388
phe__L_c,-0.6608695652173908
anhm4p_c,-1.1304347826086953
15dap_c,-0.5739130434782604
ni2_p,2.220446049250313e-16
ser__D_c,-0.0
udcpp_p,-4.1086956521739095
mlthf_c,-1.2869565217391297
xmp_p,-0.521739130434782
mg2_p,-4.599999999999994
pacald_e,-1.4956521739130426
anhgm_c,-8.904347826086946
frdp_c,-5.234782608695649
cyan_p,0.0
pant__R_c,-1.2347826086956513
LalaDgluMdapDala_p,-4.295652173913037
mercppyr_c,-2.0869565217391273
garagund_c,-1.0782608695652167
glcur_c,-1.2173913043478248
udpg_p,-10.77391304347825
inost_e,-1.7652173913043467
fe3dhbzs_e,-1.6173913043478254
cytd_e,-0.03478260869565186
o16a3und_p,0.02608695652173973
sulfac_p,-5.347826086956514
2dmmql8_c,-2.026086956521737
t3c7mrseACP_c,-1.3913043478260863
g3pe_c,-1.1478260869565209
cu2_c,0.6347826086956514
t3c11vaceACP_c,-1.2260869565217372
tcynt_e,-1.6869565217391298
glyclt_e,0.0
pg180_c,2.220446049250313e-16
12ppd__S_e,-5.328260869565213
14glucan_c,-0.0
cdpdodec11eg_c,-5.501932687896969e-17
1pyr5c_c,-0.46086956521739075
1agpe160_p,-0.7565217391304349
ppa_e,-5.560869565217385
pgp120_p,-1.6956521739130415
chtbs6p_c,-1.426086956521739
1agpg180_p,-0.0
acmum_p,-1.0695652173913048
quin_p,-1.2521739130434777
malttr_p,1.0130434782608662
psclys_c,1.6604162934148535e-16
slnt_e,-0.0
colipap_e,0.008695652173913132
acald_p,-0.5652173913043472
moadcoo_c,-0.0
gly_p,-1.3999999999999992
dhgly_c,-36.12173913043474
lipopb_c,-1.0695652173913035
2ippm_c,-1.2695652173913037
ser__D_p,-5.501932687896969e-17
f_c,-0.12173913043478266
o2s_p,-1.6913043478260863
23cump_p,-0.5826086956521732
3psme_c,-1.478260869565217
imacp_c,1.321739130434783
3c2hmp_c,-0.7652173913043472
xan_e,-0.8695652173913038
udpLa4fn_c,0.06086956521739095
pser__L_c,1.943478260869562
uacgam_e,-0.0
ttdcea_e,-1.4347826086956514
4abut_c,-1.5652173913043455
tma_c,0.0
ocdcaACP_c,-1.2869565217391297
pg160_c,-6.817391304347817
gmp_c,-1.6956521739130404
12dgr120_c,0.0260869565217354
uama_c,-8.565217391304335
trp__L_p,-2.0173913043478247
gua_c,4.147826086956519
lcts_p,-1.2869565217391297
pa160_p,4.1434782608695615
udcpdp_c,-1.1739130434782594
2odec11eg3p_c,-0.0
fruur_e,-1.0695652173913035
glu__D_c,0.008695652173913299
frulys_p,-0.0
12ppd__R_p,-1.1652173913043473
f6p_p,-6.295652173913038
3ophb_c,-0.0
kdo2lipid4_e,-0.3565217391304347
pmtcoa_c,-0.008695652173913299
dump_e,0.7913043478260877
3dhsk_c,-2.9999999999999973
3amp_p,-1.165217391304347
acACP_c,-1.1826086956521729
kphphhlipa_c,-10.652173913043466
5pg35pg_c,-0.5826086956521728
urate_p,-0.0
udpgalfur_c,-6.05217391304347
h2o_c,-1.3478260869565213
gagicolipa_c,-2.2173913043478244
feenter_p,-0.008695652173911064
hg2_p,0.01739130434782643
ala__D_c,-5.052173913043476
glcr_p,-0.5826086956521732
alac__S_c,0.06086956521739095
2amsa_c,-0.6434782608695644
dsbaox_p,-2.656521739130433
tre_p,-5.530434782608688
pa161_p,-2.7999999999999976
dcdp_c,-1.5130434782608686
imp_e,-1.6869565217391291
db4p_c,-1.0782608695652167
ca2_c,-1.4695652173913039
feoxam_un_p,-0.0
galctn__L_p,-0.0
nmn_c,-0.0
gal1p_e,0.0
gly_c,-1.617391304347824
2fe1s_c,-0.5826086956521733
LalaDglu_c,-1.165217391304347
flxso_c,0.0
h2o2_c,-1.0347826086956515
malcoa_c,0.07826086956521758
fru_p,-1.0434782608695647
xyl__D_e,-2.3217391304347808
galctn__D_e,-0.6347826086956514
gal_c,-1.2521739130434777
phom_c,-1.2869565217391268
glc__D_e,-1.2869565217391297
indole_p,-0.8521739130434779
3odcoa_c,-1.0782608695652167
fmnh2_c,0.0
ppal_c,0.0
ugmda_c,-0.8434782608695646
12dgr161_c,0.0
mobd_e,-0.0
g3pi_e,-0.0
nh4_e,-1.1826086956521729
tartr__D_c,-1.0173913043478255
g3pc_e,-1.1130434782608678
3oxdhscoa_c,0.008695652173913299
23camp_p,-0.008695652173913299
idp_c,-0.0
gslnt_c,-10.617391304347814
ahdt_c,-0.008695652173913299
uLa4n_c,-0.0
hdca_e,-3.7826086956521676
ampnt_c,-1.7217391304347804
cenchddd_c,-1.3999999999999997
tyrp_p,4.2173913043478235
ps181_c,-0.33043478260869574
f6p_c,-2.7565217391304335
pgp140_p,-1.486956521739129
uacmamu_c,-0.9826086956521727
ametam_c,-1.2521739130434777
hxcoa_c,0.0
2agpg141_c,0.5217391304347818
cynt_p,-1.3130434782608686
3hcinnm_p,-0.034782608695652
2agpg161_c,0.0
pphn_c,-0.6869565217391301
cysi__L_p,-2.7755575615628914e-17
ura_p,-17.182608695652153
fald_e,-1.0173913043478253
prlp_c,-0.6260869565217383
uacgam_p,4.878260869565214
2ddara_c,-1.0782608695652167
2mahmp_c,-4.486956521739123
s7p_c,-0.07826086956521737
prfp_c,-0.6260869565217391
murein5p5p5p_p,-1.6521739130434763
nicrnt_c,-8.37391304347825
murein4px4p_p,-1.4347826086956514
csn_e,-1.591304347826085
tmrs2eACP_c,-1.9826086956521713
o2_e,-1.6956521739130404
pe180_c,-0.9695652173913039
kdo8p_c,-1.5478260869565208
succ_e,0.02608695652173787
ser__L_e,-0.0
cpg180_c,-2.6434782608695646
mql8_c,-0.0
pg120_p,-23.595652173913013
amob_c,-1.0434782608695647
xtsn_e,-8.391304347826075
ttdca_e,-7.921739130434773
2hdec9eg3p_c,-0.5652173913043482
5dglcn_c,-4.530434782608695
cl_c,-0.008695652173913132
2oxpaccoa_c,0.0
mmcoa__S_c,-0.008695652173913299
glyc__R_c,-0.7043478260869559
mmet_e,-0.0
dms_c,1.3869565217391282
g6p_c,-11.18260869565217
N1aspmd_c,-0.0
trdrd_c,-0.0
2dh3dgal_c,-1.034782608695651
methf_c,-0.6173913043478259
ddcaACP_c,-1.330434782608692
mnl1p_c,-5.343478260869559
agm_c,-0.3565217391304347
ala__L_p,-9.417391304347817
prpp_c,0.0
hkndd_c,-2.3826086956521726
galur_p,0.06086956521739095
all6p_c,-1.286956521739129
allul6p_c,0.0
histd_c,-0.0
for_p,-0.3043478260869562
orot_c,-1.5826086956521719
galt_p,-1.7391304347826069
fecrm_e,-0.0
glc__D_p,-10.478260869565204
damp_c,-1.043478260869565
fmn_c,-1.7130434782608672
mal__D_e,1.2521739130434772
3oddcoa_c,1.943478260869562
phe__L_p,-1.2347826086956513
g3pg_p,-1.2695652173913035
tsul_p,-2.6521739130434767
trnaglu_c,-7.582608695652167
ppgpp_c,-0.0
ins_e,0.46956521739130397
thm_p,-2.565217391304344
ethso3_c,0.03478260869565025
arbtn_fe3_e,0.46086956521739086
q8_c,-10.50434782608695
acgam1p_p,-0.5217391304347823
orn_c,-1.5304347826086946
cl_e,-0.07826086956521758
stcoa_c,-0.13043478260869565
2ombzl_c,-6.33043478260869
murein5px4p_p,-0.0
gthox_e,0.40000000000000013
damp_p,-1.182608695652172
dcaACP_c,-3.7826086956521676
3gmp_e,-1.6608695652173904
etha_c,-0.07826086956521738
3hcddec5eACP_c,-0.0
betald_c,-1.5130434782608668
udpglcur_p,-0.0
2agpg140_p,-1.2173913043478246
tddec2eACP_c,-2.199999999999999
hdca_c,-0.0
1agpe180_p,-1.1739130434782596
fgam_c,-1.0869565217391302
pe180_p,0.017391304347826597
1agpg141_p,2.043478260869564
2agpe181_c,-0.0
dd2coa_c,1.2521739130434775
sufbcd_c,-0.0
iasp_c,-0.0
3hpp_e,-1.0347826086956515
nadphx__R_c,-4.595652173913037
opmeACP_c,-0.0
meoh_p,0.026086956521739896
bwco1gdp_c,-0.008695652173913299
cit_c,-1.478260869565217
skm5p_c,1.5304347826086924
oaa_c,0.02608695652173973
td2coa_c,-0.0
acmet_c,-2.6347826086956485
nadhx__S_c,-8.904347826086946
tre6p_c,-1.686956521739129
23dhmp_c,0.0
tagur_c,-0.0
man6p_c,-1.2347826086956513
acgam_e,-0.6608695652173908
hmbil_c,-1.68695652173913
no3_e,-0.0
fprica_c,-1.426086956521739
ara5p_c,-1.3130434782608686
pnto__R_e,0.0
dtdprmn_c,-4.291304347826083
mana_c,-1.5478260869565201
3dhguln_c,-5.523913043478254
kdo_c,4.1086956521739095
glcn_e,-1.0347826086956518
duri_e,-1.1130434782608678
hqn_c,-1.2782608695652165
lipidA_c,0.017391304347826597
glucys_c,-0.0
2omph_c,-0.5739130434782614
sbt6p_c,-1.3999999999999992
scl_c,-1.478260869565217
minohp_e,-1.452173913043478
pppg9_c,-0.034782608695652
csn_c,-0.034782608695652
acnam_e,0.04347826086956536
ac_p,0.008695652173913077
ap5a_c,-2.6347826086956485
malthx_p,-1.1217391304347817
cgly_e,-7.86086956521738
inost_c,-0.5913043478260875
seln_c,-0.017391304347826403
gmhep1p_c,-4.486956521739124
fecrm_un_p,-2.886956521739129
apoACP_c,-0.5652173913043481
o16a4colipa_p,-10.043478260869556
ttdcea_c,-18.626086956521732
ump_e,-3.973913043478258
ni2_e,-1.617391304347824
aso3_p,-1.7043478260869536
enter_p,-20.591304347826064
thrp_p,-3.965217391304347
cys__D_p,-1.5652173913043463
ch4_e,-1.0695652173913035
o2s_e,-4.486956521739124
murein5px4px4p_p,-0.5391304347826081
ag_c,-0.0
3cmp_p,0.0
1ddecg3p_c,-0.41739130434782373
pg141_c,-9.68695652173912
crn__D_c,-0.6434782608695643
pa120_c,-1.0695652173913035
pe161_p,4.1086956521739095
gthox_p,-0.7043478260869556
udpgal_e,-1.1739130434782603
2agpe161_c,-0.0
pg180_p,-24.63913043478258
udpacgal_p,-1.1130434782608678
2odec11eg3p_p,-1.1739130434782594
12ppd__R_e,-2.7755575615628914e-17
forcoa_c,0.0
glyc2p_e,-7.8608695652173814
moadcosh_c,-5.843478260869559
1agpe140_p,-1.1217391304347823
murein5p3p_p,-0.0
rephaccoa_c,-0.0
ttrcyc_e,-1.1217391304347826
pa180_c,-0.4347826086956521
his__L_c,-8.382608695652165
2fe2s_c,-0.5304347826086951
didp_c,-7.582608695652167
23doguln_p,0.008695652173913243
ribflv_c,-0.8521739130434779
pg161_p,-1.1478260869565198
lac__L_e,0.017391304347826597
so4_c,0.0
6pgl_c,0.008695652173913299
2agpg141_p,0.6347826086956514
ptrc_c,-0.0
2dda7p_c,-3.026086956521736
itp_c,-4.073913043478256
1hdec9eg3p_p,-0.0
2mcit_c,-1.286956521739129
sl2a6o_c,-0.02608695652173871
iscu_4fe4s_c,-9.695652173913032
cmp_c,-0.2608695652173916
dtdpglu_c,-0.36521739130434655
cm_p,-1.6260869565217373
g3pi_c,-7.347826086956513
gtp_c,-1.2869565217391297
cur_c,-7.582608695652167
uacgam_c,-1.5739130434782596
uaccg_c,-2.156521739130434
lipidAds_c,-2.5608695652173905
h2mb4p_c,-0.0
galct__D_p,-12.41739130434782
glcur_p,-0.3130434782608682
prcp_c,-1.2086956521739114
maltpt_p,-1.1652173913043473
fc1p_c,-1.243478260869565
btn_c,-0.24565217391304323
so4_p,-3.552173913043473
succ_c,-0.0
feoxam_un_c,-1.3130434782608686
cbl1_e,-1.2434782608695638
gam6p_c,-1.1565217391304339
xylu__L_c,-1.4695652173913039
mso3_c,-1.1739130434782596
aps_c,-1.6956521739130404
Sfglutth_c,1.8434782608695648
xylu__L_e,0.0
arg__L_p,-0.6434782608695644
thdp_c,-0.0
gam_p,-3.4173913043478237
pe140_c,-0.0
pgp120_c,-4.30434782608695
cdp_c,-4.80652173913043
clpn180_p,-1.043478260869565
glyb_p,0.0
ipdp_c,-1.4347826086956512
lac__L_p,-1.2347826086956506
2agpe180_p,-1.0739130434782604
ppbng_c,-3.0956521739130367
gam6p_p,-1.5304347826086946
meoh_c,-1.5043478260869554
pydx_e,0.0
metsox_R__L_c,-1.191304347826086
pheme_c,0.12173913043478235
hmgth_c,-17.1478260869565
fe3dcit_c,-1.5217391304347818
gua_e,-0.6782608695652165
4hthr_c,-0.7043478260869556
sel_e,-4.817391304347819
12ppd__S_c,-1.1043478260869561
glyc__R_e,-0.5130434782608706
2ohph_c,-0.0
eca4colipa_e,-2.408695652173911
2dglc_p,-1.599999999999999
sucglu_c,-0.0
no_c,-1.121739130434781
cyan_e,-0.008695652173913104
op4en_c,2.54782608695652
hom__L_p,-3.5391304347826065
nadph_c,-0.5304347826086949
dmso_c,-1.1130434782608691
acglu_c,-1.1478260869565198
3hddecACP_c,-0.2869565217391301
2obut_c,-1.6521739130434763
dtdp4d6dm_c,-1.2521739130434777
dmpp_c,4.956521739130431
cddec5eACP_c,-0.0
gthrd_p,-0.9826086956521738
malttr_c,-2.513043478260868
1odec11eg3p_p,-2.513043478260868
rbflvrd_c,-0.0
sucarg_c,-1.2521739130434772
tagdp__D_c,-4.860869565217387
iscu_c,-5.002173913043471
arab__L_p,-0.0
cxsam_c,-0.4956521739130414
crn_c,-3.973913043478258
gsn_p,0.5391304347826076
dnad_c,0.07826086956521777
mteo2_c,-0.9652173913043474
glyc_c,-7.86086956521738
no3_p,-1.4782608695652166
val__L_c,-2.2782608695652167
pro__L_c,-5.501932687896969e-17
ddca_p,-0.8000000000000005
ala_B_e,2.513043478260868
cbasp_c,-0.09565217391304418
mobd_c,-0.48695652173912807
mqn8_c,-5.347826086956514
lac__D_p,-1.834782608695651
fecrm_un_e,-1.3999999999999992
ala__D_p,-0.2608695652173917
fuc__L_e,-0.0
malACP_c,-0.5826086956521733
malthp_c,0.02608695652173973
tsul_e,-0.6782608695652166
lipa_cold_c,-0.3913043478260867
3cmp_e,-0.0
sarcs_c,-1.1913043478260859
butso3_e,-1.0434782608695647
ptrc_e,-2.3130434782608673
acgal1p_p,-0.49999999999999967
hxa_e,-0.0
3hpppn_c,1.1043478260869555
fe3hox_c,-0.6173913043478247
acgal1p_e,-1.5217391304347818
leu__L_p,-1.2521739130434772
malthx_e,-11.18260869565217
lyx__L_p,-10.752173913043467
3sala_c,0.0
feoxam_p,-1.0086956521739123
3hdecACP_c,-0.39999999999999997
taur_p,-0.9999999999999991
cdec3eACP_c,-0.4782608695652174
3hcmrs7eACP_c,-1.008695652173913
h2o2_p,-3.9739130434782606
glu__L_p,-1.1652173913043464
dimp_e,-4.599999999999996
3ump_e,-9.43478260869564
pe161_c,1.1003865375793938e-16
2odecg3p_p,-1.426086956521739
nac_p,-1.121739130434781
1tdecg3p_p,-0.052173913043478334
anhgm_p,-1.0695652173913035
udpLa4o_c,-1.426086956521738
ethso3_e,-0.0
psclys_e,-0.0
unagamuf_p,1.0434782608695634
tartr__D_p,-0.052173913043478334
n2o_p,-1.5043478260869554
udpgal_p,-0.24347826086956526
gfgaragund_c,0.02608695652173973
3oddecACP_c,-1.3478260869565206
na15dap_c,-1.426086956521739
quin_e,-1.0434782608695647
glyc__R_p,-18.513043478260848
3amac_c,-1.5304347826086941
pg181_c,0.11304347826086936
ethso3_p,-11.799999999999995
12dgr141_c,-8.965217391304337
lipoate_c,-0.0
3ooctdACP_c,-0.6695652173913039
but2eACP_c,-0.0
pgp161_p,-1.534782608695651
fe3dhbzs3_c,-1.0782608695652167
12dgr180_c,-1.2521739130434784
psuri_e,-2.208695652173911
ddca_c,-1.9913043478260855
pyr_c,0.07826086956521758
xdp_c,-10.469565217391292
dump_c,-0.0
acon_C_c,-0.03478260869565186
dsbgrd_p,-9.426086956521727
23dhacoa_c,-0.0
4mpetz_c,-0.0
ppal_e,-0.0
ru5p__L_c,-3.3913043478260834
sucr_e,-0.0608695652173912
3hadpcoa_c,-1.1565217391304337
ocdcap_c,-0.0
lac__L_c,-0.004347826086956594
mal__D_c,-0.6347826086956514
acolipa_e,-1.2869565217391297
anhm_c,-0.0
urea_e,-3.0304347826086913
4fe4s_c,-7.547826086956512
gcald_c,-0.16521739130434765
fe3_p,-2.0956521739130416
fusa_e,-1.7130434782608686
tyrp_e,-1.0173913043478255
hdcea_e,-3.060869565217387
gdpddman_c,-2.2956521739130427
dhptdn_c,-0.982608695652174
galct__D_c,-6.10434782608695
grxox_c,-0.06086956521739165
4hbz_p,-9.495652173913033
1tdec7eg3p_c,1.034782608695652
pgp180_c,0.008695652173913299
2ddecg3p_p,-0.5739130434782601
dha_c,2.0816681711721685e-15
gthrd_e,-0.0
urdglyc_c,0.0
prpncoa_c,-1.2434782608695643
dcacoa_c,-1.4956521739130426
so3_e,-0.7217391304347818
acgam_p,-2.8173913043478214
2hdec9eg3p_p,-8.569565217391293
sel_c,-0.6695652173913039
3fe4s_c,-0.9999999999999991
lipoamp_c,0.00869565217391327
icit_c,-0.5999999999999999
2dglc_e,-8.965217391304337
melib_p,-1.8173913043478245
rmn_p,-3.1739130434782576
galctn__D_p,-1.2347826086956513
lac__D_c,-2.443478260869563
frulys_e,-0.008695652173913299
nadh_c,-0.0
2dr5p_c,-3.1999999999999957
amp_c,-0.13043478260869565
cmp_e,-0.008695652173913299
pydam_e,-7.617391304347819
3php_c,-2.678260869565213
dtdp_c,-1.7478260869565205
dhf_c,0.6347826086956514
gmp_p,-2.6347826086956485
56dura_c,-12.417391304347822
4hoxpacd_p,-0.09565217391304262
for_c,-1.2347826086956517
urate_c,-20.55652173913041
pi_e,-1.1391304347826074
3amp_e,-1.1043478260869546
h2_c,-0.8695652173913033
14glucan_e,-0.9999999999999991
thmmp_c,-16.426086956521715
psd5p_c,1.4849232954361469e-15
b2coa_c,0.0
fe3_e,-1.6956521739130404
asp__L_e,0.16521739130434848
athr__L_c,-5.365217391304345
3opalmACP_c,-0.0
3hcvac11eACP_c,-0.0
sq_p,-1.791304347826086
thr__L_e,0.0
maltpt_e,-1.104347826086956
metsox_S__L_e,0.0
acampnt_c,-8.591304347826076
coa_c,-0.0
kdo2lipid4L_c,-5.252173913043475
asn__L_c,-1.5043478260869556
nac_c,-30.25217391304344
4per_c,-0.9999999999999991
no2_c,-5.347826086956514
15dap_e,-1.0782608695652167
udp_c,-7.8608695652173814
hdd2coa_c,-9.67391304347825
hxan_c,-1.0695652173913035
2dh3dgal6p_c,-12.156521739130419
no_e,-0.0
ap4a_c,-16.865217391304338
leu__L_c,-2.886956521739128
25aics_c,-1.478260869565217
meoh_e,-6.33043478260869
melib_e,-0.0
35cgmp_c,-0.6434782608695643
2ddglcn_p,-0.0
adocbip_c,-0.9043478260869562
etha_e,0.0
gdpfuc_c,-1.2521739130434777
glyc3p_p,-0.0
unaga_c,0.0
k_p,-0.0
gtp_p,-0.6173913043478247
xylu__L_p,-1.3130434782608686
maltttr_e,-0.0
glcur_e,0.008695652173911855
metsox_S__L_c,0.06086956521739173
crncoa_c,1.6604162934148535e-16
fe3hox_e,-1.3877787807814457e-17
3ump_p,0.008695652173913299
g3ps_p,-0.521739130434782
ggbutal_c,-1.426086956521739
gbbtn_e,-0.0
pg140_c,-0.521739130434782
4abz_c,-1.4432899320127035e-15
mso3_p,-0.2782608695652181
pa140_p,-0.24565217391304323
LalaDgluMdap_c,-4.078260869565214
cbl1_p,1.921739130434781
enter_e,-13.710869565217376
apg180_c,-0.0
colipa_c,-8.965217391304337
LalaLglu_c,-0.0
appl_c,-0.0
aragund_c,-1.1043478260869555
2dglc_c,-0.034782608695651085
14dhncoa_c,-0.5391304347826082
3omrsACP_c,-1.0086956521739128
o16a2und_p,-3.965217391304347
mmet_c,-0.0
pgp181_c,-0.0
acald_c,-2.5043478260869545
cpe180_c,-0.034782608695652
acgam1p_e,-1.5739130434782596
5aprbu_c,-5.908695652173906
pa141_p,-1.1130434782608678
5aop_c,-0.08695652173912968
12dgr141_p,-0.6434782608695644
pa180_p,-1.2434782608695645
oc2coa_c,-1.0434782608695636
2agpe141_c,-0.956521739130435
rdmbzi_c,-0.0
1agpe141_p,-10.043478260869556
ctbtcoa_c,0.05217391304347893
1agpg161_p,-0.5399209486166003
3hmrsACP_c,-0.0
LalaDglu_e,-2.5391304347826065
pram_c,-1.0608695652173905
sufbcd_2fe2s2_c,1.5652173913043461
urate_e,-1.121739130434781
oxur_c,-2.2434782608695643
ocdceap_c,-1.7304347826086937
cm_e,-1.5739130434782596
agm_e,-4.078260869565214
cdg_c,-1.4695652173913039
feenter_c,0.16739130434782565
iscs_c,0.0
fe3dhbzs3_p,-1.0173913043478253
na1_c,-7.582608695652167
3c4mop_c,-0.0
dxylnt_c,0.0
lys__L_p,-0.0
urdgci_c,-0.9652173913043471
hcys__L_c,-4.30434782608695
no3_c,-2.652173913043475
mal__L_e,-1.0347826086956515
co2_c,-1.0695652173913035
4ppcys_c,-0.1304347826086959
phe__L_e,-0.8869565217391299
cpgn_e,0.0
pi_p,-1.678260869565216
alltt_c,0.0869565217391309
fum_e,-5.501932687896969e-17
cpgn_p,-4.643478260869561
acald_e,-0.6347826086956523
h2_p,-2.008695652173911
tym_p,-6.217391304347824
etoh_p,-1.1043478260869561
25drapp_c,-3.5565217391304316
gthox_c,-0.008695652173913299
peamn_e,-1.2086956521739116
gar_c,-1.1826086956521729
tungs_c,-0.0
23ccmp_p,0.0869565217391309
arbtn_c,0.0
enter_c,-0.6608695652173908
cu_p,-2.7217391304347807
fe3hox_p,-1.5652173913043463
feoxam_un_e,-0.6608695652173908
udpacgal_e,-5.501932687896969e-17
ump_p,-0.0
lald__D_c,0.0
cmp_p,-5.199999999999997
fe3hox_un_e,-1.2173913043478255
acetol_c,-0.4782608695652174
pydxn_e,-0.33043478260869574
23cgmp_e,1.4173913043478275
murein4px4px4p_p,-1.6869565217391282
23dhbzs_c,2.434782608695651
tym_e,-0.06086956521739095
3haACP_c,-1.4999999999999991
3ooctACP_c,-5.560869565217383
pser__L_e,-6.80869565217391
3ocmrs7eACP_c,-0.3913043478260867
so2_c,0.008695652173913299
1odecg3p_c,-0.26086956521739146
poaac_c,0.20869565217391298
2agpe120_p,-1.217391304347824
cdpdhdecg_c,-0.0
5mtr_e,-0.06086956521739095
hdcea_p,-0.0
2agpg160_p,-3.7565217391304313
2agpe180_c,-2.0434782608695623
2agpg161_p,-1.4442687747035572
moco_c,-5.395652173913036
1tdec7eg3p_p,-1.1652173913043464
3hpp_c,-1.3217391304347816
2ddg6p_c,-2.3217391304347808
mincyc_e,0.008695652173913299
1agpg140_p,4.226086956521736
arab__L_c,-0.02608695652173961
sufbcd_4fe4s_c,0.034782608695652
dhcur_c,-0.0
ade_c,-0.48695652173912807
rml_c,0.008695652173911855
rfamp_e,1.6260869565217382
acg5p_c,-1.5652173913043443
rfamp_p,-1.68695652173913
4pasp_c,-0.0
glu5p_c,0.008695652173913299
h2o_e,-1.2173913043478255
ch4_c,-0.8782608695652165
23dhdp_c,-0.008695652173913299
3mop_c,0.3913043478260857
3htdcoa_c,2.934782608695649
dgtp_c,-2.652173913043475
rib__D_e,0.008695652173913299
fad_c,-6.039130434782599
uri_e,-7.86086956521738
4ahmmp_c,4.113043478260864
trp__L_e,-0.4260869565217388
dpcoa_c,-1.5826086956521728
2ommbl_c,-1.5130434782608668
23ddhb_c,-0.07826086956521737
din_e,1.4521739130434774
36dahx_c,-0.0
melib_c,-2.7739130434782595
udcpp_c,-0.8521739130434778
dcamp_c,-1.1652173913043464
kdo2lipid4_c,-0.339130434782609
galct__D_e,-1.0086956521739128
udpglcur_c,-2.478260869565214
4h2opntn_c,4.799999999999996
btnso_c,-0.2608695652173916
myrsACP_c,0.008695652173913299
selnp_c,-3.0347826086956493
camp_c,0.052173913043477654
dtbt_c,-0.5391304347826084
galur_e,-1.6869565217391291
gmhep17bp_c,-0.0
ACP_c,-0.2956521739130429
met__D_p,-7.86086956521738
palmACP_c,-7.547826086956512
alltn_p,-0.9304347826086947
dad_2_p,-1.2521739130434781
suc6p_c,-1.5826086956521728
etha_p,5.501932687896969e-17
dgmp_p,0.04347826086956341
23dappa_p,-13.652173913043473
g3pi_p,0.01739130434782682
23camp_e,0.0
uLa4n_p,-4.078260869565214
cu_c,0.1304347826086954
cpgn_un_p,0.0
ps141_c,-1.0782608695652167
pgp141_p,4.1434782608695615
pgp180_p,-0.07826086956521737
psclys_p,-0.0
4abzglu_c,-5.0086956521739046
dhps_e,-0.5826086956521732
erthrs_c,-0.5913043478260861
succoa_c,-1.7130434782608672
xyl__D_c,-0.008695652173913299
sucsal_c,-2.3217391304347825
alltn_c,2.0260869565217394
3hdcoa_c,-0.5399209486165991
mnl_e,1.4260869565217378
for_e,-1.6521739130434756
kdolipid4_c,0.0
seramp_c,-1.08695652173913
ade_p,-0.04347826086956513
sbt__D_p,-0.8347826086956525
12ppd__S_p,0.02608695652173973
dca_p,-14.33913043478259
fe3dcit_p,-1.0695652173913035
h2o2_e,-0.05217391304347827
23cump_e,-1.1826086956521726
eca2und_p,-0.04347826086956452
cl_p,-1.0782608695652167
murein4p3p_p,-4.121739130434779
12dgr160_p,0.0
1agpg120_p,-0.03478260869565197
tungs_e,0.008695652173913299
5fthf_c,1.3877787807814457e-17
arbtn_fe3_c,-0.0
hbcoa__3R_c,-6.039130434782599
phb_c,-0.8173913043478256
phleth_e,-10.46086956521738
phleth_p,-1.6173913043478254
phleth_c,-8.965217391304337
phloxi__s2_c,-0.0
